{"cameraMode":{"drawMode":0,"name":"Shaded","section":"Shading Mode"},"sceneLighting":false,"audioPlay":false,"sceneViewState":{"showFog":true,"showMaterialUpdate":false,"showSkybox":false,"showFlares":true,"showImageEffects":true,"showParticleSystems":true},"in2DMode":false,"pivot":{"x":12.038387298583985,"y":-3.298459053039551,"z":6.509288787841797},"rotation":{"x":0.043315161019563678,"y":-0.8974580764770508,"z":0.09049944579601288,"w":0.4295417368412018},"size":53.88985824584961,"orthographic":false}